{
  "name": "onsenui",
  "homepage": "http://onsen.io",
  "authors": [
    "Kruy Vanna <kruyvanna@gmail.com>",
    "Mitsunori KUBOTA <anatoo.jp@gmail.com>"
  ],
  "description": "Web Component inspired HTML5 UI framework for building modern mobile application",
  "main": [
    "js/onsenui.js",
    "css/onsenui.css",
    "css/onsen-css-components.css"
  ],
  "keywords": [
    "onsenui",
    "angular",
    "html5",
    "cordova",
    "phonegap",
    "web",
    "component",
    "monaca"
  ],
  "dependencies": {
    "angular": "~1.4.3"
  },
  "license": "Apache License, Version 2.0",
  "ignore": [
    ".npmignore"
  ],
  "version": "2.0.0-beta",
  "_release": "2.0.0-beta",
  "_resolution": {
    "type": "version",
    "tag": "2.0.0-beta",
    "commit": "138ae7ce63de3215c594960e784238869d513246"
  },
  "_source": "git://github.com/OnsenUI/OnsenUI-dist.git",
  "_target": "2.0.0-beta",
  "_originalSource": "onsenui"
}