{
    "prepare_queue": {
        "installed": [],
        "uninstalled": []
    },
    "config_munge": {
        "files": {
            "res/xml/config.xml": {
                "parents": {
                    "/*": [
                        {
                            "xml": "<feature name=\"EmailComposer\"><param name=\"browser-package\" value=\"de.appplant.cordova.emailcomposer.EmailComposer\" /></feature>",
                            "count": 1
                        }
                    ]
                }
            }
        }
    },
    "installed_plugins": {
        "cordova-plugin-email-composer": {
            "PACKAGE_NAME": "com.phonegap.bougetafrance"
        },
        "org.apache.cordova.file": {
            "PACKAGE_NAME": "com.phonegap.bougetafrance"
        },
        "org.apache.cordova.network-information": {
            "PACKAGE_NAME": "com.phonegap.bougetafrance"
        },
        "cordova-plugin-whitelist": {
            "PACKAGE_NAME": "com.phonegap.bougetafrance"
        }
    },
    "dependent_plugins": {},
    "modules": [
        {
            "file": "plugins/cordova-plugin-email-composer/www/email_composer.js",
            "id": "cordova-plugin-email-composer.EmailComposer",
            "pluginId": "cordova-plugin-email-composer",
            "clobbers": [
                "cordova.plugins.email",
                "plugin.email"
            ]
        },
        {
            "file": "plugins/cordova-plugin-email-composer/src/browser/EmailComposerProxy.js",
            "id": "cordova-plugin-email-composer.EmailComposerProxy",
            "pluginId": "cordova-plugin-email-composer",
            "runs": true
        },
        {
            "file": "plugins/org.apache.cordova.file/www/DirectoryEntry.js",
            "id": "org.apache.cordova.file.DirectoryEntry",
            "pluginId": "org.apache.cordova.file",
            "clobbers": [
                "window.DirectoryEntry"
            ]
        },
        {
            "file": "plugins/org.apache.cordova.file/www/DirectoryReader.js",
            "id": "org.apache.cordova.file.DirectoryReader",
            "pluginId": "org.apache.cordova.file",
            "clobbers": [
                "window.DirectoryReader"
            ]
        },
        {
            "file": "plugins/org.apache.cordova.file/www/Entry.js",
            "id": "org.apache.cordova.file.Entry",
            "pluginId": "org.apache.cordova.file",
            "clobbers": [
                "window.Entry"
            ]
        },
        {
            "file": "plugins/org.apache.cordova.file/www/File.js",
            "id": "org.apache.cordova.file.File",
            "pluginId": "org.apache.cordova.file",
            "clobbers": [
                "window.File"
            ]
        },
        {
            "file": "plugins/org.apache.cordova.file/www/FileEntry.js",
            "id": "org.apache.cordova.file.FileEntry",
            "pluginId": "org.apache.cordova.file",
            "clobbers": [
                "window.FileEntry"
            ]
        },
        {
            "file": "plugins/org.apache.cordova.file/www/FileError.js",
            "id": "org.apache.cordova.file.FileError",
            "pluginId": "org.apache.cordova.file",
            "clobbers": [
                "window.FileError"
            ]
        },
        {
            "file": "plugins/org.apache.cordova.file/www/FileReader.js",
            "id": "org.apache.cordova.file.FileReader",
            "pluginId": "org.apache.cordova.file",
            "clobbers": [
                "window.FileReader"
            ]
        },
        {
            "file": "plugins/org.apache.cordova.file/www/FileSystem.js",
            "id": "org.apache.cordova.file.FileSystem",
            "pluginId": "org.apache.cordova.file",
            "clobbers": [
                "window.FileSystem"
            ]
        },
        {
            "file": "plugins/org.apache.cordova.file/www/FileUploadOptions.js",
            "id": "org.apache.cordova.file.FileUploadOptions",
            "pluginId": "org.apache.cordova.file",
            "clobbers": [
                "window.FileUploadOptions"
            ]
        },
        {
            "file": "plugins/org.apache.cordova.file/www/FileUploadResult.js",
            "id": "org.apache.cordova.file.FileUploadResult",
            "pluginId": "org.apache.cordova.file",
            "clobbers": [
                "window.FileUploadResult"
            ]
        },
        {
            "file": "plugins/org.apache.cordova.file/www/FileWriter.js",
            "id": "org.apache.cordova.file.FileWriter",
            "pluginId": "org.apache.cordova.file",
            "clobbers": [
                "window.FileWriter"
            ]
        },
        {
            "file": "plugins/org.apache.cordova.file/www/Flags.js",
            "id": "org.apache.cordova.file.Flags",
            "pluginId": "org.apache.cordova.file",
            "clobbers": [
                "window.Flags"
            ]
        },
        {
            "file": "plugins/org.apache.cordova.file/www/LocalFileSystem.js",
            "id": "org.apache.cordova.file.LocalFileSystem",
            "pluginId": "org.apache.cordova.file",
            "clobbers": [
                "window.LocalFileSystem"
            ],
            "merges": [
                "window"
            ]
        },
        {
            "file": "plugins/org.apache.cordova.file/www/Metadata.js",
            "id": "org.apache.cordova.file.Metadata",
            "pluginId": "org.apache.cordova.file",
            "clobbers": [
                "window.Metadata"
            ]
        },
        {
            "file": "plugins/org.apache.cordova.file/www/ProgressEvent.js",
            "id": "org.apache.cordova.file.ProgressEvent",
            "pluginId": "org.apache.cordova.file",
            "clobbers": [
                "window.ProgressEvent"
            ]
        },
        {
            "file": "plugins/org.apache.cordova.file/www/fileSystems.js",
            "id": "org.apache.cordova.file.fileSystems",
            "pluginId": "org.apache.cordova.file"
        },
        {
            "file": "plugins/org.apache.cordova.file/www/requestFileSystem.js",
            "id": "org.apache.cordova.file.requestFileSystem",
            "pluginId": "org.apache.cordova.file",
            "clobbers": [
                "window.requestFileSystem"
            ]
        },
        {
            "file": "plugins/org.apache.cordova.file/www/resolveLocalFileSystemURI.js",
            "id": "org.apache.cordova.file.resolveLocalFileSystemURI",
            "pluginId": "org.apache.cordova.file",
            "merges": [
                "window"
            ]
        },
        {
            "file": "plugins/org.apache.cordova.network-information/www/network.js",
            "id": "org.apache.cordova.network-information.network",
            "pluginId": "org.apache.cordova.network-information",
            "clobbers": [
                "navigator.connection",
                "navigator.network.connection"
            ]
        },
        {
            "file": "plugins/org.apache.cordova.network-information/www/Connection.js",
            "id": "org.apache.cordova.network-information.Connection",
            "pluginId": "org.apache.cordova.network-information",
            "clobbers": [
                "Connection"
            ]
        },
        {
            "file": "plugins/org.apache.cordova.network-information/src/browser/NetworkProxy.js",
            "id": "org.apache.cordova.network-information.NetworkProxy",
            "pluginId": "org.apache.cordova.network-information",
            "runs": true
        }
    ],
    "plugin_metadata": {
        "cordova-plugin-email-composer": "0.8.3",
        "org.apache.cordova.file": "1.3.2",
        "org.apache.cordova.network-information": "0.2.14",
        "cordova-plugin-whitelist": "1.2.1"
    }
}