{"project_info":{"project_id":"quickdrop-91ee","project_number":"906416708445","name":"QuickDrop"},"client":[{"client_info":{"mobilesdk_app_id":"1:906416708445:android:64bd33b94aecf38d","client_id":"android:com.quick.drop","client_type":1,"android_client_info":{"package_name":"com.quick.drop"}},"oauth_client":[],"api_key":[],"services":{"analytics_service":{"status":1},"cloud_messaging_service":{"status":2,"apns_config":[]},"appinvite_service":{"status":1,"other_platform_oauth_client":[]},"google_signin_service":{"status":1},"ads_service":{"status":1}}}],"client_info":[],"ARTIFACT_VERSION":"1"}