{
	"id": 1,
	"total": 4,
	"result": [
		{
			"id": 1,
			"picture": "img/member-1.jpg",
			"title": "Lorem Ipsum",
			"subtitle": "Founder & CEO",
			"body": "Lorem ipsum dolor sit amet, consectetur adipisicing elit, sed do eiusmod tempor incididunt ut labore et dolore magna aliqua. Ut enim ad minim veniam, quis nostrud exercitation ullamco laboris nisi ut aliquip ex ea commodo consequat. Duis aute irure dolor in reprehenderit in voluptate velit esse cillum dolore eu fugiat nulla pariatur. Excepteur sint occaecat cupidatat non proident, sunt in culpa qui officia deserunt mollit anim id est laborum.Duis aute irure dolor eu fugiat nulla pariatur.",
            "email": "lorem.ipsum@lorem.com",
            "linkedin": "linkedin",
            "twitter": "@AppsHybrid"
            
		}, {
			"id": 2,
			"picture": "img/member-2.jpg",
			"title": "Lorem Ipsum",
			"subtitle": "Founder & CEO",
			"body": "Lorem ipsum dolor sit amet, consectetur adipisicing elit, sed do eiusmod tempor incididunt ut labore et dolore magna aliqua. Ut enim ad minim veniam, quis nostrud exercitation ullamco laboris nisi ut aliquip ex ea commodo consequat. Duis aute irure dolor in reprehenderit in voluptate velit esse cillum dolore eu fugiat nulla pariatur. Excepteur sint occaecat cupidatat non proident, sunt in culpa qui officia deserunt mollit anim id est laborum.Duis aute irure dolor eu fugiat nulla pariatur.",
            "email": "lorem.ipsum@lorem.com",
            "linkedin": "linkedin",
            "twitter": "@AppsHybrid"
		}, {
			"id": 3,
			"picture": "img/member-3.jpg",
			"title": "Lorem Ipsum",
			"subtitle": "Founder & CEO",
			"body": "Lorem ipsum dolor sit amet, consectetur adipisicing elit, sed do eiusmod tempor incididunt ut labore et dolore magna aliqua. Ut enim ad minim veniam, quis nostrud exercitation ullamco laboris nisi ut aliquip ex ea commodo consequat. Duis aute irure dolor in reprehenderit in voluptate velit esse cillum dolore eu fugiat nulla pariatur. Excepteur sint occaecat cupidatat non proident, sunt in culpa qui officia deserunt mollit anim id est laborum.Duis aute irure dolor eu fugiat nulla pariatur.",
            "email": "lorem.ipsum@lorem.com",
            "linkedin": "linkedin",
            "twitter": "@AppsHybrid"
		}, {
			"id": 4,
			"picture": "img/member-4.jpg",
			"title": "Lorem Ipsum",
			"subtitle": "Founder & CEO",
			"body": "Lorem ipsum dolor sit amet, consectetur adipisicing elit, sed do eiusmod tempor incididunt ut labore et dolore magna aliqua. Ut enim ad minim veniam, quis nostrud exercitation ullamco laboris nisi ut aliquip ex ea commodo consequat. Duis aute irure dolor in reprehenderit in voluptate velit esse cillum dolore eu fugiat nulla pariatur. Excepteur sint occaecat cupidatat non proident, sunt in culpa qui officia deserunt mollit anim id est laborum.Duis aute irure dolor eu fugiat nulla pariatur.",
            "email": "lorem.ipsum@lorem.com",
            "linkedin": "linkedin",
            "twitter": "@AppsHybrid"
		}
	]
}