[
  {
    "post_id": 30062,
    "athlete_name": "Troy Polamalu",
    "images": {
      "300x300": "http://oskiisports.com/wp-content/uploads/2015/04/Troy-Polamalu-300x300.png",
      "1024x1024": "http://oskiisports.com/wp-content/uploads/2015/04/Troy-Polamalu-1024x1024.png",
      "default": "http://oskiisports.com/wp-content/uploads/2015/04/Troy-Polamalu.png"
    }
  },
  {
    "post_id": 68,
    "athlete_name": "LeBron James",
    "images": {
      "300x300": "http://oskiisports.com/wp-content/uploads/2014/06/LeBron-James1-300x300.png",
      "1024x1024": "http://oskiisports.com/wp-content/uploads/2014/06/LeBron-James1-1024x1024.png",
      "default": "http://oskiisports.com/wp-content/uploads/2014/06/LeBron-James1.png"
    }
  },
  {
    "post_id": 11087,
    "athlete_name": "Travis Pastrana",
    "images": {
      "300x300": "http://oskiisports.com/wp-content/uploads/2014/12/Travis-Pastrana-300x300.png",
      "1024x1024": "http://oskiisports.com/wp-content/uploads/2014/12/Travis-Pastrana-1024x1024.png",
      "default": "http://oskiisports.com/wp-content/uploads/2014/12/Travis-Pastrana.png"
    }
  },
  {
    "post_id": 2063,
    "athlete_name": "Wayne Gretzky",
    "images": {
      "300x300": "http://oskiisports.com/wp-content/uploads/2014/08/Wayne-Gretzky-300x300.png",
      "1024x1024": "http://oskiisports.com/wp-content/uploads/2014/08/Wayne-Gretzky-1024x1024.png",
      "default": "http://oskiisports.com/wp-content/uploads/2014/08/Wayne-Gretzky.png"
    }
  },
  {
    "post_id": 8107,
    "athlete_name": "Cristiano Ronaldo",
    "images": {
      "300x300": "http://oskiisports.com/wp-content/uploads/2014/10/Cristiano-Ronaldo-300x300.png",
      "1024x1024": "http://oskiisports.com/wp-content/uploads/2014/10/Cristiano-Ronaldo-1024x1024.png",
      "default": "http://oskiisports.com/wp-content/uploads/2014/10/Cristiano-Ronaldo.png"
    }
  },
  {
    "post_id": 894,
    "athlete_name": "Patrick Willis",
    "images": {
      "300x300": "http://oskiisports.com/wp-content/uploads/2014/08/Patrick-Willis1-300x300.png",
      "1024x1024": "http://oskiisports.com/wp-content/uploads/2014/08/Patrick-Willis1-1024x1024.png",
      "default": "http://oskiisports.com/wp-content/uploads/2014/08/Patrick-Willis1.png"
    }
  },
  {
    "post_id": 8117,
    "athlete_name": "Pel\u00e9",
    "images": {
      "300x300": "http://oskiisports.com/wp-content/uploads/2014/10/Pel\u00e9-300x300.png",
      "1024x1024": "http://oskiisports.com/wp-content/uploads/2014/10/Pel\u00e9-1024x1024.png",
      "default": "http://oskiisports.com/wp-content/uploads/2014/10/Pel\u00e9.png"
    }
  },
  {
    "post_id": 2108,
    "athlete_name": "Muhammad Ali",
    "images": {
      "300x300": "http://oskiisports.com/wp-content/uploads/2014/08/Muhammad-Ali-300x300.png",
      "1024x1024": "http://oskiisports.com/wp-content/uploads/2014/08/Muhammad-Ali-1024x1024.png",
      "default": "http://oskiisports.com/wp-content/uploads/2014/08/Muhammad-Ali.png"
    }
  },
  {
    "post_id": 11049,
    "athlete_name": "Ronda Rousey",
    "images": {
      "300x300": "http://oskiisports.com/wp-content/uploads/2014/12/Ronda-Rousey--300x300.png",
      "1024x1024": "http://oskiisports.com/wp-content/uploads/2014/12/Ronda-Rousey--1024x1024.png",
      "default": "http://oskiisports.com/wp-content/uploads/2014/12/Ronda-Rousey-.png"
    }
  },
  {
    "post_id": 15885,
    "athlete_name": "Bo Jackson",
    "images": {
      "300x300": "http://oskiisports.com/wp-content/uploads/2014/12/Bo-Jackson-300x300.png",
      "1024x1024": "http://oskiisports.com/wp-content/uploads/2014/12/Bo-Jackson-1024x1024.png",
      "default": "http://oskiisports.com/wp-content/uploads/2014/12/Bo-Jackson.png"
    }
  },
  {
    "post_id": 2085,
    "athlete_name": "Mario Lemieux",
    "images": {
      "300x300": "http://oskiisports.com/wp-content/uploads/2014/08/Mario-Lemieux-300x300.png",
      "1024x1024": "http://oskiisports.com/wp-content/uploads/2014/08/Mario-Lemieux-1024x1024.png",
      "default": "http://oskiisports.com/wp-content/uploads/2014/08/Mario-Lemieux.png"
    }
  },
  {
    "post_id": 8126,
    "athlete_name": "Ronaldo",
    "images": {
      "300x300": "http://oskiisports.com/wp-content/uploads/2014/10/Ronaldo-300x300.png",
      "1024x1024": "http://oskiisports.com/wp-content/uploads/2014/10/Ronaldo-1024x1024.png",
      "default": "http://oskiisports.com/wp-content/uploads/2014/10/Ronaldo.png"
    }
  },
  {
    "post_id": 11111,
    "athlete_name": "Nyjah Huston",
    "images": {
      "300x300": "http://oskiisports.com/wp-content/uploads/2014/12/Nyjah-Huston1-300x300.png",
      "1024x1024": "http://oskiisports.com/wp-content/uploads/2014/12/Nyjah-Huston1-1024x1024.png",
      "default": "http://oskiisports.com/wp-content/uploads/2014/12/Nyjah-Huston1.png"
    }
  },
  {
    "post_id": 1924,
    "athlete_name": "Manny Pacquiao",
    "images": {
      "300x300": "http://oskiisports.com/wp-content/uploads/2014/08/Manny-Pacquiao1-300x300.png",
      "1024x1024": "http://oskiisports.com/wp-content/uploads/2014/08/Manny-Pacquiao1-1024x1024.png",
      "default": "http://oskiisports.com/wp-content/uploads/2014/08/Manny-Pacquiao1.png"
    }
  },
  {
    "post_id": 9675,
    "athlete_name": "Chuck Liddell",
    "images": {
      "300x300": "http://oskiisports.com/wp-content/uploads/2014/10/Chuck-Liddell1-300x300.png",
      "1024x1024": "http://oskiisports.com/wp-content/uploads/2014/10/Chuck-Liddell1-1024x1024.png",
      "default": "http://oskiisports.com/wp-content/uploads/2014/10/Chuck-Liddell1.png"
    }
  },
  {
    "post_id": 10718,
    "athlete_name": "Chris Pronger",
    "images": {
      "300x300": "http://oskiisports.com/wp-content/uploads/2014/12/Chris-Pronger-300x300.png",
      "1024x1024": "http://oskiisports.com/wp-content/uploads/2014/12/Chris-Pronger-1024x1024.png",
      "default": "http://oskiisports.com/wp-content/uploads/2014/12/Chris-Pronger.png"
    }
  },
  {
    "post_id": 8119,
    "athlete_name": "Ricardo Kak\u00e1",
    "images": {
      "300x300": "http://oskiisports.com/wp-content/uploads/2014/10/Ricardo-Kak\u00e1-300x300.png",
      "1024x1024": "http://oskiisports.com/wp-content/uploads/2014/10/Ricardo-Kak\u00e1-1024x1024.png",
      "default": "http://oskiisports.com/wp-content/uploads/2014/10/Ricardo-Kak\u00e1.png"
    }
  },
  {
    "post_id": 6916,
    "athlete_name": "George Foreman",
    "images": {
      "300x300": "http://oskiisports.com/wp-content/uploads/2014/10/George-Foreman2-300x300.png",
      "1024x1024": "http://oskiisports.com/wp-content/uploads/2014/10/George-Foreman2-1024x1024.png",
      "default": "http://oskiisports.com/wp-content/uploads/2014/10/George-Foreman2.png"
    }
  },
  {
    "post_id": 11447,
    "athlete_name": "Serena Williams",
    "images": {
      "300x300": "http://oskiisports.com/wp-content/uploads/2014/12/Serena-Williams1-300x300.png",
      "1024x1024": "http://oskiisports.com/wp-content/uploads/2014/12/Serena-Williams1-1024x1024.png",
      "default": "http://oskiisports.com/wp-content/uploads/2014/12/Serena-Williams1.png"
    }
  },
  {
    "post_id": 11453,
    "athlete_name": "Quinten Logan",
    "images": {
      "300x300": "http://oskiisports.com/wp-content/uploads/2014/12/Quinten-Logan-300x300.png",
      "1024x1024": "http://oskiisports.com/wp-content/uploads/2014/12/Quinten-Logan-1024x1024.png",
      "default": "http://oskiisports.com/wp-content/uploads/2014/12/Quinten-Logan.png"
    }
  },
  {
    "post_id": 2098,
    "athlete_name": "Derrick Rose",
    "images": {
      "300x300": "http://oskiisports.com/wp-content/uploads/2014/08/Derrick-Rose2-300x300.png",
      "1024x1024": "http://oskiisports.com/wp-content/uploads/2014/08/Derrick-Rose2-1024x1024.png",
      "default": "http://oskiisports.com/wp-content/uploads/2014/08/Derrick-Rose2.png"
    }
  },
  {
    "post_id": 2072,
    "athlete_name": "Pavel Datsyuk",
    "images": {
      "300x300": "http://oskiisports.com/wp-content/uploads/2014/08/Pavel-Datsyuk-300x300.png",
      "1024x1024": "http://oskiisports.com/wp-content/uploads/2014/08/Pavel-Datsyuk-1024x1024.png",
      "default": "http://oskiisports.com/wp-content/uploads/2014/08/Pavel-Datsyuk.png"
    }
  },
  {
    "post_id": 8112,
    "athlete_name": "Landon Donovan",
    "images": {
      "300x300": "http://oskiisports.com/wp-content/uploads/2014/10/Landon-Donovan-300x300.png",
      "1024x1024": "http://oskiisports.com/wp-content/uploads/2014/10/Landon-Donovan-1024x1024.png",
      "default": "http://oskiisports.com/wp-content/uploads/2014/10/Landon-Donovan.png"
    }
  },
  {
    "post_id": 9730,
    "athlete_name": "Wanderlei Silva",
    "images": {
      "300x300": "http://oskiisports.com/wp-content/uploads/2014/10/Wanderlei-Silva-300x300.png",
      "1024x1024": "http://oskiisports.com/wp-content/uploads/2014/10/Wanderlei-Silva-1024x1024.png",
      "default": "http://oskiisports.com/wp-content/uploads/2014/10/Wanderlei-Silva.png"
    }
  },
  {
    "post_id": 11442,
    "athlete_name": "Emmanuel Mudiay",
    "images": {
      "300x300": "http://oskiisports.com/wp-content/uploads/2014/12/Emmanuel-Mudiay-300x300.png",
      "1024x1024": "http://oskiisports.com/wp-content/uploads/2014/12/Emmanuel-Mudiay-1024x1024.png",
      "default": "http://oskiisports.com/wp-content/uploads/2014/12/Emmanuel-Mudiay.png"
    }
  },
  {
    "post_id": 11137,
    "athlete_name": "Jaden Newman",
    "images": {
      "300x300": "http://oskiisports.com/wp-content/uploads/2014/12/Jaden-Newman-300x300.png",
      "1024x1024": "http://oskiisports.com/wp-content/uploads/2014/12/Jaden-Newman-1024x1024.png",
      "default": "http://oskiisports.com/wp-content/uploads/2014/12/Jaden-Newman.png"
    }
  },
  {
    "post_id": 2055,
    "athlete_name": "Jerry Rice",
    "images": {
      "300x300": "http://oskiisports.com/wp-content/uploads/2014/08/Jerry-Rice--300x300.png",
      "1024x1024": "http://oskiisports.com/wp-content/uploads/2014/08/Jerry-Rice--1024x1024.png",
      "default": "http://oskiisports.com/wp-content/uploads/2014/08/Jerry-Rice-.png"
    }
  },
  {
    "post_id": 2082,
    "athlete_name": "Patrick Kane",
    "images": {
      "300x300": "http://oskiisports.com/wp-content/uploads/2014/08/Patrick-Kane-300x300.png",
      "1024x1024": "http://oskiisports.com/wp-content/uploads/2014/08/Patrick-Kane-1024x1024.png",
      "default": "http://oskiisports.com/wp-content/uploads/2014/08/Patrick-Kane.png"
    }
  },
  {
    "post_id": 8128,
    "athlete_name": "Wayne Rooney",
    "images": {
      "300x300": "http://oskiisports.com/wp-content/uploads/2014/10/Wayne-Rooney-300x300.png",
      "1024x1024": "http://oskiisports.com/wp-content/uploads/2014/10/Wayne-Rooney-1024x1024.png",
      "default": "http://oskiisports.com/wp-content/uploads/2014/10/Wayne-Rooney.png"
    }
  
  }
]